id,name,type1,type2,hp,attack,defense,sp_attack,sp_defense,speed,total,generation
1,Bulbasaur,Grass,Poison,45,49,49,65,65,45,318,1
2,Ivysaur,Grass,Poison,60,62,63,80,80,60,405,1
3,Venusaur,Grass,Poison,80,82,83,100,100,80,525,1
4,Charmander,Fire,,39,52,43,60,50,65,309,1
5,Charmeleon,Fire,,58,64,58,80,65,80,405,1
6,Charizard,Fire,Flying,78,84,78,109,85,100,534,1
7,Squirtle,Water,,44,48,65,50,64,43,314,1
8,Wartortle,Water,,59,63,80,65,80,58,405,1
9,Blastoise,Water,,79,83,100,85,105,78,530,1
10,Caterpie,Bug,,45,30,35,20,20,45,195,1
11,Metapod,Bug,,50,20,55,25,25,30,205,1
12,Butterfree,Bug,Flying,60,45,50,90,80,70,395,1
13,Weedle,Bug,Poison,40,35,30,20,20,50,195,1
14,Kakuna,Bug,Poison,45,25,50,25,25,35,205,1
15,Beedrill,Bug,Poison,65,90,40,45,80,75,395,1
16,Pidgey,Normal,Flying,40,45,40,35,35,56,251,1
17,Pidgeotto,Normal,Flying,63,60,55,50,50,71,349,1
18,Pidgeot,Normal,Flying,83,80,75,70,70,101,479,1
19,Rattata,Normal,,30,56,35,25,35,72,253,1
20,Raticate,Normal,,55,81,60,50,70,97,413,1
21,Spearow,Normal,Flying,40,60,30,31,31,70,262,1
22,Fearow,Normal,Flying,65,90,65,61,61,100,442,1
23,Ekans,Poison,,35,60,44,40,54,55,288,1
24,Arbok,Poison,,60,95,69,65,79,80,448,1
25,Pikachu,Electric,,35,55,40,50,50,90,320,1
26,Raichu,Electric,,60,90,55,90,80,110,485,1
27,Sandshrew,Ground,,50,75,85,20,30,40,300,1
28,Sandslash,Ground,,75,100,110,45,55,65,450,1
29,Nidoran♀,Poison,,55,47,52,40,40,41,285,1
30,Nidorina,Poison,,70,62,67,55,55,56,365,1
31,Nidoqueen,Poison,Ground,90,92,87,75,85,76,505,1
32,Nidoran♂,Poison,,46,57,40,40,40,50,273,1
33,Nidorino,Poison,,61,72,57,55,55,65,365,1
34,Nidoking,Poison,Ground,81,102,77,85,75,85,505,1
35,Clefairy,Fairy,,70,45,48,60,65,35,323,1
36,Clefable,Fairy,,95,70,73,95,90,60,483,1
37,Vulpix,Fire,,38,41,40,50,65,65,299,1
38,Ninetales,Fire,,73,76,75,81,100,100,505,1
39,Jigglypuff,Normal,Fairy,115,45,20,45,25,20,270,1
40,Wigglytuff,Normal,Fairy,140,70,45,85,50,45,435,1
41,Zubat,Poison,Flying,40,45,35,30,40,55,245,1
42,Golbat,Poison,Flying,75,80,70,65,75,90,455,1
43,Oddish,Grass,Poison,45,50,55,75,65,30,320,1
44,Gloom,Grass,Poison,60,65,70,85,75,40,395,1
45,Vileplume,Grass,Poison,75,80,85,110,90,50,490,1
46,Paras,Bug,Grass,35,70,55,45,55,25,285,1
47,Parasect,Bug,Grass,60,95,80,60,80,30,405,1
48,Venonat,Bug,Poison,60,55,50,40,55,45,305,1
49,Venomoth,Bug,Poison,70,65,60,90,75,90,450,1
50,Diglett,Ground,,10,55,25,35,45,95,265,1
51,Dugtrio,Ground,,35,100,50,50,70,120,425,1
52,Meowth,Normal,,40,45,35,40,40,90,290,1
53,Persian,Normal,,65,70,60,65,65,115,440,1
54,Psyduck,Water,,50,52,48,65,50,55,320,1
55,Golduck,Water,,80,82,78,95,80,85,500,1
56,Mankey,Fighting,,40,80,35,35,45,70,305,1
57,Primeape,Fighting,,65,105,60,60,70,95,455,1
58,Growlithe,Fire,,55,70,45,70,50,60,350,1
59,Arcanine,Fire,,90,110,80,100,80,95,555,1
60,Poliwag,Water,,40,50,40,40,40,90,300,1
61,Poliwhirl,Water,,65,65,65,50,50,90,385,1
62,Poliwrath,Water,Fighting,90,95,95,70,90,70,510,1
63,Abra,Psychic,,25,20,15,105,55,90,310,1
64,Kadabra,Psychic,,40,35,30,120,70,105,400,1
65,Alakazam,Psychic,,55,50,45,135,95,120,500,1
66,Machop,Fighting,,70,80,50,35,35,35,305,1
67,Machoke,Fighting,,80,100,70,50,60,45,405,1
68,Machamp,Fighting,,90,130,80,65,85,55,505,1
69,Bellsprout,Grass,Poison,50,75,35,70,30,40,300,1
70,Weepinbell,Grass,Poison,65,90,50,85,45,55,390,1
71,Victreebel,Grass,Poison,80,105,65,100,70,70,490,1
72,Tentacool,Water,Poison,40,40,35,50,100,70,335,1
73,Tentacruel,Water,Poison,80,70,65,80,120,100,515,1
74,Geodude,Rock,Ground,40,80,100,30,30,20,300,1
75,Graveler,Rock,Ground,55,95,115,45,45,35,390,1
76,Golem,Rock,Ground,80,120,130,55,65,45,495,1
77,Ponyta,Fire,,50,85,55,65,65,90,410,1
78,Rapidash,Fire,,65,100,70,80,80,105,500,1
79,Slowpoke,Water,Psychic,90,65,65,40,40,15,315,1
80,Slowbro,Water,Psychic,95,75,110,100,80,30,490,1
81,Magnemite,Electric,Steel,25,35,70,95,55,45,325,1
82,Magneton,Electric,Steel,50,60,95,120,70,70,465,1
83,Farfetch'd,Normal,Flying,52,90,55,58,62,60,377,1
84,Doduo,Normal,Flying,35,85,45,35,35,75,310,1
85,Dodrio,Normal,Flying,60,110,70,60,60,110,470,1
86,Seel,Water,,65,45,55,45,70,45,325,1
87,Dewgong,Water,Ice,90,70,80,70,95,70,475,1
88,Grimer,Poison,,80,80,50,40,50,25,305,1
89,Muk,Poison,,105,105,75,65,100,50,500,1
90,Shellder,Water,,30,65,100,45,25,40,305,1
91,Cloyster,Water,Ice,50,95,180,85,45,70,525,1
92,Gastly,Ghost,Poison,30,35,30,100,35,80,310,1
93,Haunter,Ghost,Poison,45,50,45,115,55,95,405,1
94,Gengar,Ghost,Poison,60,65,60,130,75,110,500,1
95,Onix,Rock,Ground,35,45,160,30,45,70,385,1
96,Drowzee,Psychic,,60,48,45,43,90,42,328,1
97,Hypno,Psychic,,85,73,70,73,115,67,483,1
98,Krabby,Water,,30,105,90,25,25,50,325,1
99,Kingler,Water,,55,130,115,50,50,75,475,1
100,Voltorb,Electric,,40,30,50,55,55,100,330,1
101,Electrode,Electric,,60,50,70,80,80,150,490,1
102,Exeggcute,Grass,Psychic,60,40,80,60,45,40,325,1
103,Exeggutor,Grass,Psychic,95,95,85,125,75,55,530,1
104,Cubone,Ground,,50,50,95,40,50,35,320,1
105,Marowak,Ground,,60,80,110,50,80,45,425,1
106,Hitmonlee,Fighting,,50,120,53,35,110,87,455,1
107,Hitmonchan,Fighting,,50,105,79,35,110,76,455,1
108,Lickitung,Normal,,90,55,75,60,75,30,385,1
109,Koffing,Poison,,40,65,95,60,45,35,340,1
110,Weezing,Poison,,65,90,120,85,70,60,490,1
111,Rhyhorn,Ground,Rock,80,85,95,30,30,25,345,1
112,Rhydon,Ground,Rock,105,130,120,45,45,40,485,1
113,Chansey,Normal,,250,5,5,35,105,50,450,1
114,Tangela,Grass,,65,55,115,100,40,60,435,1
115,Kangaskhan,Normal,,105,95,80,40,80,90,490,1
116,Horsea,Water,,30,40,70,70,25,60,295,1
117,Seadra,Water,,55,65,95,95,45,85,440,1
118,Goldeen,Water,,45,67,60,35,50,63,320,1
119,Seaking,Water,,80,92,65,65,80,68,450,1
120,Staryu,Water,,30,45,55,70,55,85,340,1
121,Starmie,Water,Psychic,60,75,85,100,85,115,520,1
122,Mr. Mime,Psychic,Fairy,40,45,65,100,120,90,460,1
123,Scyther,Bug,Flying,70,110,80,55,80,105,500,1
124,Jynx,Ice,Psychic,65,50,35,115,95,95,455,1
125,Electabuzz,Electric,,65,83,57,95,85,105,490,1
126,Magmar,Fire,,65,95,57,100,85,93,495,1
127,Pinsir,Bug,,65,125,100,55,70,85,500,1
128,Tauros,Normal,,75,100,95,40,70,110,490,1
129,Magikarp,Water,,20,10,55,15,20,80,200,1
130,Gyarados,Water,Flying,95,125,79,60,100,81,540,1
131,Lapras,Water,Ice,130,85,80,85,95,60,535,1
132,Ditto,Normal,,48,48,48,48,48,48,288,1
133,Eevee,Normal,,55,55,50,45,65,55,325,1
134,Vaporeon,Water,,130,65,60,110,95,65,525,1
135,Jolteon,Electric,,65,65,60,110,95,130,525,1
136,Flareon,Fire,,65,130,60,95,110,65,525,1
137,Porygon,Normal,,65,60,70,85,75,40,395,1
138,Omanyte,Rock,Water,35,40,100,90,55,35,355,1
139,Omastar,Rock,Water,70,60,125,115,70,55,495,1
140,Kabuto,Rock,Water,30,80,90,55,45,55,355,1
141,Kabutops,Rock,Water,60,115,105,65,70,80,495,1
142,Aerodactyl,Rock,Flying,80,105,65,60,75,130,515,1
143,Snorlax,Normal,,160,110,65,65,110,30,540,1
144,Articuno,Ice,Flying,90,85,100,95,125,85,580,1
145,Zapdos,Electric,Flying,90,90,85,125,90,100,580,1
146,Moltres,Fire,Flying,90,100,90,125,85,90,580,1
147,Dratini,Dragon,,41,64,45,50,50,50,300,1
148,Dragonair,Dragon,,61,84,65,70,70,70,420,1
149,Dragonite,Dragon,Flying,91,134,95,100,100,80,600,1
150,Mewtwo,Psychic,,106,110,90,154,90,130,680,1
151,Mew,Psychic,,100,100,100,100,100,100,600,1
